{"cameraMode":{"drawMode":0,"name":"Shaded","section":"Shading Mode"},"sceneLighting":false,"audioPlay":false,"sceneViewState":{"m_AlwaysRefresh":false,"showFog":true,"showSkybox":false,"showFlares":true,"showImageEffects":true,"showParticleSystems":true,"showVisualEffectGraphs":true,"m_FxEnabled":true},"in2DMode":false,"pivot":{"x":607.9684448242188,"y":1823.5968017578125,"z":3.10357666015625},"rotation":{"x":-0.009309407323598862,"y":0.0020976245868951084,"z":-0.00002039377432083711,"w":-0.9999576807022095},"size":490.0936584472656,"orthographic":false}