{"cameraMode":{"drawMode":0,"name":"Shaded","section":"Shading Mode"},"sceneLighting":false,"audioPlay":false,"sceneViewState":{"m_AlwaysRefresh":false,"showFog":true,"showSkybox":false,"showFlares":true,"showImageEffects":true,"showParticleSystems":true,"showVisualEffectGraphs":true,"m_FxEnabled":true},"in2DMode":false,"pivot":{"x":-0.00904083251953125,"y":-24.672895431518556,"z":0.009371757507324219},"rotation":{"x":0.2345564067363739,"y":-0.3166610598564148,"z":0.0811292752623558,"w":0.915501594543457},"size":30.89573860168457,"orthographic":false}