{"cameraMode":{"drawMode":0,"name":"Shaded","section":"Shading Mode"},"sceneLighting":true,"audioPlay":false,"sceneViewState":{"m_AlwaysRefresh":false,"showFog":true,"showSkybox":true,"showFlares":true,"showImageEffects":true,"showParticleSystems":true,"showVisualEffectGraphs":true,"m_FxEnabled":true},"in2DMode":false,"pivot":{"x":184.0279541015625,"y":934.3646240234375,"z":145.34771728515626},"rotation":{"x":-0.012025702744722367,"y":0.21342626214027406,"z":-0.002627321518957615,"w":-0.9768818020820618},"size":573.6834716796875,"orthographic":false}