{"cameraMode":{"drawMode":0,"name":"Shaded","section":"Shading Mode"},"sceneLighting":false,"audioPlay":false,"sceneViewState":{"m_AlwaysRefresh":false,"showFog":true,"showSkybox":false,"showFlares":true,"showImageEffects":true,"showParticleSystems":true,"showVisualEffectGraphs":true,"m_FxEnabled":true},"in2DMode":false,"pivot":{"x":0.5085391998291016,"y":2.4136452674865724,"z":-1.138582706451416},"rotation":{"x":-0.0018095996929332615,"y":0.0005977346445433795,"z":-0.0000019514070572768107,"w":-1.0000020265579224},"size":7.810814380645752,"orthographic":false}