{"cameraMode":{"drawMode":0,"name":"Shaded","section":"Shading Mode"},"sceneLighting":true,"audioPlay":false,"sceneViewState":{"m_AlwaysRefresh":false,"showFog":true,"showSkybox":true,"showFlares":true,"showImageEffects":true,"showParticleSystems":true,"showVisualEffectGraphs":true,"m_FxEnabled":true},"in2DMode":false,"pivot":{"x":0.8029801845550537,"y":-4.023568630218506,"z":91.33899688720703},"rotation":{"x":-0.03479994088411331,"y":0.012589262798428536,"z":-0.0004384066560305655,"w":-0.9993163347244263},"size":39.18654251098633,"orthographic":false}