{"cameraMode":{"drawMode":0,"name":"Shaded","section":"Shading Mode"},"sceneLighting":false,"audioPlay":false,"sceneViewState":{"m_AlwaysRefresh":false,"showFog":true,"showSkybox":false,"showFlares":true,"showImageEffects":true,"showParticleSystems":true,"showVisualEffectGraphs":true,"m_FxEnabled":true},"in2DMode":false,"pivot":{"x":-0.1429634541273117,"y":1.3043636083602906,"z":0.14275765419006349},"rotation":{"x":-0.21314777433872224,"y":-0.011140591464936734,"z":0.002430578460916877,"w":-0.976953387260437},"size":0.7799980640411377,"orthographic":false}