{"cameraMode":{"drawMode":0,"name":"Shaded","section":"Shading Mode"},"sceneLighting":false,"audioPlay":false,"sceneViewState":{"m_AlwaysRefresh":false,"showFog":true,"showSkybox":false,"showFlares":true,"showImageEffects":true,"showParticleSystems":true,"showVisualEffectGraphs":true,"m_FxEnabled":true},"in2DMode":false,"pivot":{"x":0.10550414025783539,"y":0.25491008162498476,"z":0.41245225071907046},"rotation":{"x":-0.3354780375957489,"y":0.11266566812992096,"z":0.04044988751411438,"w":0.9344205856323242},"size":0.3247447609901428,"orthographic":false}